cohort_month,months_since_first,retained_customers,cohort_size,retention_pct
2023-01,0,1319,1319,100.0
2023-01,1,427,1319,32.37
2023-01,2,448,1319,33.97
2023-01,3,448,1319,33.97
2023-01,4,497,1319,37.68
2023-01,5,465,1319,35.25
2023-01,6,484,1319,36.69
2023-01,7,463,1319,35.1
2023-01,8,479,1319,36.32
2023-01,9,485,1319,36.77
2023-01,10,462,1319,35.03
2023-01,11,477,1319,36.16
2023-01,12,484,1319,36.69
2023-01,13,466,1319,35.33
2023-01,14,495,1319,37.53
2023-01,15,476,1319,36.09
2023-01,16,499,1319,37.83
2023-01,17,474,1319,35.94
2023-01,18,389,1319,29.49
2023-01,19,366,1319,27.75
2023-01,20,382,1319,28.96
2023-01,21,391,1319,29.64
2023-01,22,371,1319,28.13
2023-01,23,386,1319,29.26
2023-02,0,769,769,100.0
2023-02,1,243,769,31.6
2023-02,2,251,769,32.64
2023-02,3,274,769,35.63
2023-02,4,223,769,29.0
2023-02,5,257,769,33.42
2023-02,6,241,769,31.34
2023-02,7,251,769,32.64
2023-02,8,270,769,35.11
2023-02,9,271,769,35.24
2023-02,10,236,769,30.69
2023-02,11,256,769,33.29
2023-02,12,229,769,29.78
2023-02,13,269,769,34.98
2023-02,14,260,769,33.81
2023-02,15,252,769,32.77
2023-02,16,229,769,29.78
2023-02,17,184,769,23.93
2023-02,18,203,769,26.4
2023-02,19,183,769,23.8
2023-02,20,173,769,22.5
2023-02,21,198,769,25.75
2023-02,22,201,769,26.14
2023-03,0,561,561,100.0
2023-03,1,165,561,29.41
2023-03,2,176,561,31.37
2023-03,3,164,561,29.23
2023-03,4,168,561,29.95
2023-03,5,171,561,30.48
2023-03,6,161,561,28.7
2023-03,7,165,561,29.41
2023-03,8,156,561,27.81
2023-03,9,181,561,32.26
2023-03,10,169,561,30.12
2023-03,11,171,561,30.48
2023-03,12,172,561,30.66
2023-03,13,156,561,27.81
2023-03,14,157,561,27.99
2023-03,15,168,561,29.95
2023-03,16,144,561,25.67
2023-03,17,142,561,25.31
2023-03,18,112,561,19.96
2023-03,19,140,561,24.96
2023-03,20,118,561,21.03
2023-03,21,129,561,22.99
2023-04,0,392,392,100.0
2023-04,1,97,392,24.74
2023-04,2,110,392,28.06
2023-04,3,109,392,27.81
2023-04,4,107,392,27.3
2023-04,5,97,392,24.74
2023-04,6,108,392,27.55
2023-04,7,95,392,24.23
2023-04,8,106,392,27.04
2023-04,9,103,392,26.28
2023-04,10,99,392,25.26
2023-04,11,90,392,22.96
2023-04,12,91,392,23.21
2023-04,13,112,392,28.57
2023-04,14,98,392,25.0
2023-04,15,86,392,21.94
2023-04,16,77,392,19.64
2023-04,17,94,392,23.98
2023-04,18,86,392,21.94
2023-04,19,73,392,18.62
2023-04,20,96,392,24.49
2023-05,0,304,304,100.0
2023-05,1,68,304,22.37
2023-05,2,74,304,24.34
2023-05,3,79,304,25.99
2023-05,4,77,304,25.33
2023-05,5,74,304,24.34
2023-05,6,71,304,23.36
2023-05,7,78,304,25.66
2023-05,8,79,304,25.99
2023-05,9,76,304,25.0
2023-05,10,76,304,25.0
2023-05,11,72,304,23.68
2023-05,12,68,304,22.37
2023-05,13,65,304,21.38
2023-05,14,59,304,19.41
2023-05,15,64,304,21.05
2023-05,16,59,304,19.41
2023-05,17,61,304,20.07
2023-05,18,50,304,16.45
2023-05,19,59,304,19.41
2023-06,0,202,202,100.0
2023-06,1,54,202,26.73
2023-06,2,42,202,20.79
2023-06,3,55,202,27.23
2023-06,4,43,202,21.29
2023-06,5,48,202,23.76
2023-06,6,48,202,23.76
2023-06,7,48,202,23.76
2023-06,8,46,202,22.77
2023-06,9,45,202,22.28
2023-06,10,47,202,23.27
2023-06,11,40,202,19.8
2023-06,12,39,202,19.31
2023-06,13,35,202,17.33
2023-06,14,40,202,19.8
2023-06,15,28,202,13.86
2023-06,16,34,202,16.83
2023-06,17,35,202,17.33
2023-06,18,31,202,15.35
2023-07,0,172,172,100.0
2023-07,1,38,172,22.09
2023-07,2,46,172,26.74
2023-07,3,46,172,26.74
2023-07,4,29,172,16.86
2023-07,5,40,172,23.26
2023-07,6,33,172,19.19
2023-07,7,37,172,21.51
2023-07,8,34,172,19.77
2023-07,9,32,172,18.6
2023-07,10,32,172,18.6
2023-07,11,31,172,18.02
2023-07,12,34,172,19.77
2023-07,13,22,172,12.79
2023-07,14,21,172,12.21
2023-07,15,30,172,17.44
2023-07,16,33,172,19.19
2023-07,17,36,172,20.93
2023-08,0,146,146,100.0
2023-08,1,19,146,13.01
2023-08,2,32,146,21.92
2023-08,3,18,146,12.33
2023-08,4,33,146,22.6
2023-08,5,33,146,22.6
2023-08,6,26,146,17.81
2023-08,7,34,146,23.29
2023-08,8,33,146,22.6
2023-08,9,28,146,19.18
2023-08,10,31,146,21.23
2023-08,11,25,146,17.12
2023-08,12,25,146,17.12
2023-08,13,24,146,16.44
2023-08,14,20,146,13.7
2023-08,15,23,146,15.75
2023-08,16,32,146,21.92
2023-09,0,94,94,100.0
2023-09,1,13,94,13.83
2023-09,2,16,94,17.02
2023-09,3,24,94,25.53
2023-09,4,18,94,19.15
2023-09,5,11,94,11.7
2023-09,6,15,94,15.96
2023-09,7,18,94,19.15
2023-09,8,20,94,21.28
2023-09,9,14,94,14.89
2023-09,10,12,94,12.77
2023-09,11,14,94,14.89
2023-09,12,13,94,13.83
2023-09,13,15,94,15.96
2023-09,14,14,94,14.89
2023-09,15,10,94,10.64
2023-10,0,94,94,100.0
2023-10,1,15,94,15.96
2023-10,2,16,94,17.02
2023-10,3,13,94,13.83
2023-10,4,18,94,19.15
2023-10,5,9,94,9.57
2023-10,6,12,94,12.77
2023-10,7,19,94,20.21
2023-10,8,20,94,21.28
2023-10,9,13,94,13.83
2023-10,10,8,94,8.51
2023-10,11,19,94,20.21
2023-10,12,11,94,11.7
2023-10,13,23,94,24.47
2023-10,14,17,94,18.09
2023-11,0,76,76,100.0
2023-11,1,18,76,23.68
2023-11,2,11,76,14.47
2023-11,3,11,76,14.47
2023-11,4,14,76,18.42
2023-11,5,9,76,11.84
2023-11,6,14,76,18.42
2023-11,7,13,76,17.11
2023-11,8,16,76,21.05
2023-11,9,7,76,9.21
2023-11,10,10,76,13.16
2023-11,11,16,76,21.05
2023-11,12,14,76,18.42
2023-11,13,11,76,14.47
2023-12,0,75,75,100.0
2023-12,1,15,75,20.0
2023-12,2,12,75,16.0
2023-12,3,15,75,20.0
2023-12,4,15,75,20.0
2023-12,5,16,75,21.33
2023-12,6,14,75,18.67
2023-12,7,11,75,14.67
2023-12,8,11,75,14.67
2023-12,9,10,75,13.33
2023-12,10,12,75,16.0
2023-12,11,14,75,18.67
2023-12,12,12,75,16.0
2024-01,0,253,253,100.0
2024-01,1,92,253,36.36
2024-01,2,83,253,32.81
2024-01,3,94,253,37.15
2024-01,4,90,253,35.57
2024-01,5,86,253,33.99
2024-01,6,88,253,34.78
2024-01,7,92,253,36.36
2024-01,8,87,253,34.39
2024-01,9,89,253,35.18
2024-01,10,100,253,39.53
2024-01,11,97,253,38.34
2024-02,0,161,161,100.0
2024-02,1,65,161,40.37
2024-02,2,70,161,43.48
2024-02,3,55,161,34.16
2024-02,4,48,161,29.81
2024-02,5,57,161,35.4
2024-02,6,51,161,31.68
2024-02,7,54,161,33.54
2024-02,8,55,161,34.16
2024-02,9,61,161,37.89
2024-02,10,45,161,27.95
2024-03,0,114,114,100.0
2024-03,1,27,114,23.68
2024-03,2,37,114,32.46
2024-03,3,35,114,30.7
2024-03,4,42,114,36.84
2024-03,5,35,114,30.7
2024-03,6,36,114,31.58
2024-03,7,39,114,34.21
2024-03,8,35,114,30.7
2024-03,9,43,114,37.72
2024-04,0,78,78,100.0
2024-04,1,18,78,23.08
2024-04,2,16,78,20.51
2024-04,3,23,78,29.49
2024-04,4,26,78,33.33
2024-04,5,20,78,25.64
2024-04,6,26,78,33.33
2024-04,7,18,78,23.08
2024-04,8,25,78,32.05
2024-05,0,57,57,100.0
2024-05,1,14,57,24.56
2024-05,2,14,57,24.56
2024-05,3,14,57,24.56
2024-05,4,13,57,22.81
2024-05,5,20,57,35.09
2024-05,6,20,57,35.09
2024-05,7,18,57,31.58
2024-06,0,36,36,100.0
2024-06,1,11,36,30.56
2024-06,2,5,36,13.89
2024-06,3,7,36,19.44
2024-06,4,9,36,25.0
2024-06,5,9,36,25.0
2024-06,6,11,36,30.56
2024-07,0,23,23,100.0
2024-07,1,2,23,8.7
2024-07,2,6,23,26.09
2024-07,3,6,23,26.09
2024-07,4,5,23,21.74
2024-07,5,4,23,17.39
2024-08,0,18,18,100.0
2024-08,1,3,18,16.67
2024-08,2,3,18,16.67
2024-08,3,5,18,27.78
2024-08,4,5,18,27.78
2024-09,0,15,15,100.0
2024-09,1,2,15,13.33
2024-09,2,1,15,6.67
2024-09,3,4,15,26.67
2024-10,0,19,19,100.0
2024-10,1,4,19,21.05
2024-10,2,5,19,26.32
2024-11,0,11,11,100.0
2024-12,0,11,11,100.0
