cohort_month,0,1,2,3,4,5,6,7,8,9,10,11,12,13,14,15,16,17,18,19,20,21,22,23
2023-01,100.0,32.37,33.97,33.97,37.68,35.25,36.69,35.1,36.32,36.77,35.03,36.16,36.69,35.33,37.53,36.09,37.83,35.94,29.49,27.75,28.96,29.64,28.13,29.26
2023-02,100.0,31.6,32.64,35.63,29.0,33.42,31.34,32.64,35.11,35.24,30.69,33.29,29.78,34.98,33.81,32.77,29.78,23.93,26.4,23.8,22.5,25.75,26.14,
2023-03,100.0,29.41,31.37,29.23,29.95,30.48,28.7,29.41,27.81,32.26,30.12,30.48,30.66,27.81,27.99,29.95,25.67,25.31,19.96,24.96,21.03,22.99,,
2023-04,100.0,24.74,28.06,27.81,27.3,24.74,27.55,24.23,27.04,26.28,25.26,22.96,23.21,28.57,25.0,21.94,19.64,23.98,21.94,18.62,24.49,,,
2023-05,100.0,22.37,24.34,25.99,25.33,24.34,23.36,25.66,25.99,25.0,25.0,23.68,22.37,21.38,19.41,21.05,19.41,20.07,16.45,19.41,,,,
2023-06,100.0,26.73,20.79,27.23,21.29,23.76,23.76,23.76,22.77,22.28,23.27,19.8,19.31,17.33,19.8,13.86,16.83,17.33,15.35,,,,,
2023-07,100.0,22.09,26.74,26.74,16.86,23.26,19.19,21.51,19.77,18.6,18.6,18.02,19.77,12.79,12.21,17.44,19.19,20.93,,,,,,
2023-08,100.0,13.01,21.92,12.33,22.6,22.6,17.81,23.29,22.6,19.18,21.23,17.12,17.12,16.44,13.7,15.75,21.92,,,,,,,
2023-09,100.0,13.83,17.02,25.53,19.15,11.7,15.96,19.15,21.28,14.89,12.77,14.89,13.83,15.96,14.89,10.64,,,,,,,,
2023-10,100.0,15.96,17.02,13.83,19.15,9.57,12.77,20.21,21.28,13.83,8.51,20.21,11.7,24.47,18.09,,,,,,,,,
2023-11,100.0,23.68,14.47,14.47,18.42,11.84,18.42,17.11,21.05,9.21,13.16,21.05,18.42,14.47,,,,,,,,,,
2023-12,100.0,20.0,16.0,20.0,20.0,21.33,18.67,14.67,14.67,13.33,16.0,18.67,16.0,,,,,,,,,,,
2024-01,100.0,36.36,32.81,37.15,35.57,33.99,34.78,36.36,34.39,35.18,39.53,38.34,,,,,,,,,,,,
2024-02,100.0,40.37,43.48,34.16,29.81,35.4,31.68,33.54,34.16,37.89,27.95,,,,,,,,,,,,,
2024-03,100.0,23.68,32.46,30.7,36.84,30.7,31.58,34.21,30.7,37.72,,,,,,,,,,,,,,
2024-04,100.0,23.08,20.51,29.49,33.33,25.64,33.33,23.08,32.05,,,,,,,,,,,,,,,
2024-05,100.0,24.56,24.56,24.56,22.81,35.09,35.09,31.58,,,,,,,,,,,,,,,,
2024-06,100.0,30.56,13.89,19.44,25.0,25.0,30.56,,,,,,,,,,,,,,,,,
2024-07,100.0,8.7,26.09,26.09,21.74,17.39,,,,,,,,,,,,,,,,,,
2024-08,100.0,16.67,16.67,27.78,27.78,,,,,,,,,,,,,,,,,,,
2024-09,100.0,13.33,6.67,26.67,,,,,,,,,,,,,,,,,,,,
2024-10,100.0,21.05,26.32,,,,,,,,,,,,,,,,,,,,,
2024-11,100.0,,,,,,,,,,,,,,,,,,,,,,,
2024-12,100.0,,,,,,,,,,,,,,,,,,,,,,,
