customer_id,total_orders,total_revenue,avg_order_value,first_order,last_order
CUST03889,40,15451.4,386.28,2023-01-06 00:00:00,2024-12-06 00:00:00
CUST02247,40,15406.3,385.16,2023-01-07 00:00:00,2024-12-30 00:00:00
CUST01554,40,13897.4,347.44,2023-01-07 00:00:00,2024-12-17 00:00:00
CUST03166,36,13767.05,382.42,2023-01-18 00:00:00,2024-12-04 00:00:00
CUST01311,38,13724.55,361.17,2023-01-05 00:00:00,2024-12-16 00:00:00
CUST00611,40,13642.05,341.05,2023-01-08 00:00:00,2024-11-30 00:00:00
CUST02060,35,13616.95,389.06,2023-01-26 00:00:00,2024-12-21 00:00:00
CUST03051,36,13463.5,373.99,2023-02-05 00:00:00,2024-12-07 00:00:00
CUST00846,37,13448.15,363.46,2023-01-06 00:00:00,2024-11-08 00:00:00
CUST03923,35,13411.65,383.19,2023-01-05 00:00:00,2024-12-28 00:00:00
CUST02870,36,13391.2,371.98,2023-01-11 00:00:00,2024-12-05 00:00:00
CUST00830,38,13325.6,350.67,2023-01-06 00:00:00,2024-12-22 00:00:00
CUST02300,40,13108.55,327.71,2023-01-08 00:00:00,2024-12-27 00:00:00
CUST03103,38,13045.15,343.29,2023-01-25 00:00:00,2024-11-14 00:00:00
CUST03299,40,12994.7,324.87,2023-01-16 00:00:00,2024-12-16 00:00:00
CUST01808,39,12954.95,332.18,2023-02-03 00:00:00,2024-12-31 00:00:00
CUST00531,36,12905.8,358.49,2023-02-11 00:00:00,2024-12-08 00:00:00
CUST02628,39,12848.4,329.45,2023-01-21 00:00:00,2024-12-24 00:00:00
CUST01981,31,12838.4,414.14,2023-02-01 00:00:00,2024-11-18 00:00:00
CUST04446,39,12814.05,328.57,2023-01-05 00:00:00,2024-12-09 00:00:00
